{
   "Goal" : [
      -0.78495368651127928,
      0.71445706006795329,
      2.0811600485369297,
      -2.1395791828710733,
      -2.1924203218399785,
      1.6206932008400623,
      -0.64800195592743703
   ],
   "States" : [
      [
         -0.87901696510697913,
         -0.23083465648758408,
         -0.033598025117741896,
         -2.0865698310936689,
         1.7784328614986205,
         2.2010323974383272,
         1.9995745691828111
      ],
      [
         -0.91399567442833218,
         -0.25461463372987331,
         0.70812581632482408,
         -2.151670681657686,
         0.79068449855771394,
         1.8724889822186817,
         1.1814497259135881
      ],
      [
         -0.90257502921525312,
         0.46342732970820461,
         1.0052872426532384,
         -2.2956499050055919,
         -0.16946246176564017,
         1.8313084283424972,
         2.0095189533865718
      ],
      [
         -1.4774541067932558,
         0.33529842631070972,
         1.3876473136219469,
         -2.1514095662588986,
         -0.36039540218796473,
         1.7256166977088381,
         0.53575201513345494
      ],
      [
         -1.1361401099714261,
         0.52230834121009451,
         1.9291924891979995,
         -1.4979152424968998,
         -0.87271107536836878,
         2.0222396203511281,
         0.068054022015414828
      ],
      [
         -1.0861492115093394,
         0.57409274839963764,
         1.8661878380692563,
         -2.0141300854749975,
         -1.0374778112299741,
         1.3726916708191856,
         -0.44141449041408487
      ],
      [
         -0.78495368651127928,
         0.71445706006795329,
         2.0811600485369297,
         -2.1395791828710733,
         -2.1924203218399785,
         1.6206932008400623,
         -0.64800195592743703
      ]
   ]
}
