{
   "Goal1States" : [
      [
         -4.5268230093643074e-05,
         -0.78502259093183091,
         8.4509522700682284e-05,
         -2.35597614644696,
         -5.6127054104581478e-05,
         1.5709350037940313,
         0.78491678643501372
      ],
      [
         -0.76959458225050714,
         -0.78304495942871666,
         0.71152487622564564,
         -1.7786779166544864,
         0.50959323629883646,
         1.7168383829901814,
         0.50073507100305081
      ]
   ],
   "Goal2States" : [
      [
         -0.76959458225050714,
         -0.78304495942871666,
         0.71152487622564564,
         -1.7786779166544864,
         0.50959323629883646,
         1.7168383829901814,
         0.50073507100305081
      ],
      [
         -0.83574301367328763,
         -0.44951273025779565,
         0.26140577027227208,
         -1.9646282128149852,
         1.2759767899908661,
         2.0093078877795789,
         1.4061319498140503
      ],
      [
         -0.87896898474731677,
         -0.23087326708831077,
         -0.033674729853749273,
         -2.0865391237409208,
         1.7783990960338321,
         2.2009711857316292,
         1.999658278320791
      ]
   ],
   "Goal3States" : [
      [
         -0.87896898474731677,
         -0.23087326708831077,
         -0.033674729853749273,
         -2.0865391237409208,
         1.7783990960338321,
         2.2009711857316292,
         1.999658278320791
      ],
      [
         -0.83574301367328763,
         -0.44951273025779565,
         0.26140577027227208,
         -1.9646282128149852,
         1.2759767899908661,
         2.0093078877795789,
         1.4061319498140503
      ],
      [
         -0.76959458225050714,
         -0.78304495942871666,
         0.71152487622564564,
         -1.7786779166544864,
         0.50959323629883646,
         1.7168383829901814,
         0.50073507100305081
      ],
      [
         -1.503606973443594,
         -0.86500872240016735,
         1.5674954651219468,
         -2.3348989012255945,
         0.37709746570974634,
         1.2475606629848008,
         0.33067628922946812
      ],
      [
         -1.8070231750460581,
         -0.3533355802745225,
         1.7704756145537528,
         -2.5272377672881903,
         -0.73203961199145562,
         1.137187302375767,
         0.90075749169672237
      ],
      [
         -1.2951560616026279,
         0.091857993465493448,
         2.0029797960650977,
         -2.5357573835750684,
         -1.0869951747440236,
         2.2914342772744503,
         0.60804451432964313
      ],
      [
         -0.28793751178071192,
         -0.48798782706009397,
         2.3508275075287628,
         -2.7397144154707478,
         -1.3792117442149605,
         2.2179508269555619,
         0.11261364782631622
      ],
      [
         0.27206277327145623,
         0.42051269380810369,
         2.1337238151854376,
         -2.7491851010716246,
         -1.6088726618646636,
         1.3212667706262962,
         0.29119348998277939
      ],
      [
         -0.04758362347846834,
         0.77715015534292897,
         1.8702799658299427,
         -2.7807185739085081,
         -2.758441516819317,
         1.613650062403176,
         0.054582561946054931
      ],
      [
         -0.78499182648676935,
         0.71445929455537505,
         2.0811707398605268,
         -2.1396471073111201,
         -2.1925090777104494,
         1.6207882359697081,
         -0.64805288893058322
      ]
   ],
   "Goals" : [
      [
         -0.87903379122355207,
         -0.23068490052487886,
         -0.033604244624378159,
         -2.0866367866502031,
         1.7783736859319432,
         2.2008561287980264,
         1.9997310803921575
      ],
      [
         -0.87896898474731677,
         -0.23087326708831077,
         -0.033674729853749273,
         -2.0865391237409208,
         1.7783990960338321,
         2.2009711857316292,
         1.999658278320791
      ],
      [
         -0.78499182648676935,
         0.71445929455537505,
         2.0811707398605268,
         -2.1396471073111201,
         -2.1925090777104494,
         1.6207882359697081,
         -0.64805288893058322
      ]
   ]
}
