RRTstar cost,RTRRTstar cost,Difference
3.363380382599825,4.006843249535065,-0.6434628669352405
